{
  "cVer": 123,

  "device": [
    {
      "nid": "A1234567890",
      "loc": "16 Bridge St, Elton",
      "ownr": "STW",
      "asst": "ASST123456",
      "name": "West Derby PRV",
      "serl": "2005-12345Abc",
      "location": "true",
      "latitude": 12.4356543,
      "longitude": 76.12324,
      "s_ACME_set": "abc.def",
      "scan": true
    }
  ],

  "channel": [
    {
      "num": 1,
      "name": "Main IP Channel",
      "mode": 1,
      "prot": 1,
      "type": 1,
      "net": "123.456.789.012:20100",
      "start": 200,
      "repeat": 120
    }
  ],

  "deviceLink": [
    {
      "num": 1,
      "name": "Onboard IO"
    }
  ],

  "point": [
    {
      "parent": 1,
      "num": 1,
      "type": "ai",
      "name": "pump 1.Flow",
      "className": "Water.Pumps.Acme 245M",
      "scan": true,
      "canOverride": true,
      "logRate": 900,
      "logOffset": 0
    },
    {
      "parent": 1,
      "num": 1,
      "type": "bi",
      "name": "pump 1.Status",
      "className": "Water.Pumps.Acme 245M",
      "scan": true,
      "canOverride": true,
      "logRate": 3600,
      "logOffset": 0
    },
    {
      "parent": 1,
      "num": 1,
      "type": "c",
      "name": "pump 1.Starts",
      "className": "Water.Pumps.Acme 245M",
      "scan": true,
      "canOverride": true,
      "logRate": 3600,
      "logOffset": 0
    }
  ],

  "ai": [
    {
      "parent": 1,
      "type": 0,
      "rawsc1": 0,
      "rawsc2": 256,
      "engsc1": 0.0,
      "engsc2": 200.0,
      "min": 0.0,
      "max": 99999.99,
      "units": "m3",
      "sigChangeValue": 0.1
    }
  ],

  "analogueLimit": [
    {
      "parent": 1,
      "parentType": "ai",
      "num": 1,
      "action": 2,
      "dirctn": 0,
      "value": 123.45,
      "mon": 0,
      "tue": 0,
      "wed": 0,
      "thu": 0,
      "fri": 0,
      "sat": 1,
      "sun": 2,
      "hyst": 1.0,
      "enter": 2000,
      "leave": 2000
    }
  ],

  "analogueNoChange": [
    {
      "parent": 1,
      "parentType": "ai",
      "action": 2,
      "deadband": 0.1,
      "period": 600
    }
  ],

  "bi": [
    {
      "parent": 1,
      "parentType": "bi",
      "state0Action": 1,
      "state0Pers": 2000,
      "state1Action": 2,
      "state1Pers": 4000
    }
  ],

  "ct": [
    {
      "parent": 1,
      "resetPeriod": 86400,
      "resetOffset": 0,
      "reportPeriod": 900,
      "scale": 1.0
    }
  ],

  "profile": [
    {
      "num": 1,
      "type": 0,
      "values": [ 0, 10, 20 ],
      "time": [ 0, 3600, 7200 ],
      "inter": 15
    }
  ],

  "extPoint": [
    {
      "parent": 1,
      "parentType": "ai",
      "num": 1,
      "name": "pump 1.Flow Average",
      "class": "Water.Pumps.ACME 245M",
      "type": "Mean",
      "resetPeriod": 86400,
      "resetOffset": 0,
      "reportPeriod": 900,
      "scale": 1.0,
      "units": "litres"
    },
    {
      "parent": 1,
      "parentType": "di",
      "num": 2,
      "name": "pump 1.Run Time",
      "class": "Water.Pumps.ACME 245M",
      "type": "Run Time",
      "resetPeriod": 86400,
      "resetOffset": 0,
      "reportPeriod": 900,
      "scale": 1.0,
      "state": 1,
      "units": "s"
    }
  ],

  "controlProfile": [
    {
      "parent": 1,
      "num": 1,
      "mon": 1,
      "tue": 2,
      "wed": 3,
      "thu": 4,
      "fri": 5,
      "sat": 6,
      "sun": 7
    }
  ],

  "highSpeedStore": [
    {
      "parent": 1,
      "parentType": "ai",
      "num": 1,
      "trigger": 1,
      "triggerType": "di",
      "triggerValue": 0,
      "start": -5000,
      "length": 15000,
      "rate": 20
    }
  ]
}

		